id,handle,name,interests
0,student01,Aarav Mehta,coding|music|reading|design|football
1,student02,Aisha Khan,music|reading|design|football|photography
2,student03,Arjun Rao,reading|design|football|photography|chess
3,student04,Diya Patel,design|football|photography|chess|hiking
4,student05,Ishaan Gupta,football|photography|chess|hiking|coding
5,student06,Kavya Nair,photography|chess|hiking|coding|music
6,student07,Mira Shah,chess|hiking|coding|music|reading
7,student08,Neel Joshi,hiking|coding|music|reading|design
8,student09,Riya Das,coding|music|reading|design|football
9,student10,Kabir Sen,music|reading|design|football|photography
10,student11,Anaya Iyer,reading|design|football|photography|chess
11,student12,Dev Malhotra,design|football|photography|chess|hiking
12,student13,Sara Thomas,football|photography|chess|hiking|coding
13,student14,Vivaan Bose,photography|chess|hiking|coding|music
14,student15,Zoya Ali,chess|hiking|coding|music|reading
15,student16,Neil Dutta,hiking|coding|music|reading|design
16,student17,Tara Menon,coding|music|reading|design|football
17,student18,Rehan Kapoor,music|reading|design|football|photography
18,student19,Meera Pillai,reading|design|football|photography|chess
19,student20,Aditya Roy,design|football|photography|chess|hiking
20,student21,Anika Sethi,football|photography|chess|hiking|coding
21,student22,Rohan Jain,photography|chess|hiking|coding|music
22,student23,Ira Mukherjee,chess|hiking|coding|music|reading
23,student24,Samar Verma,hiking|coding|music|reading|design
24,student25,Nisha Kulkarni,coding|music|reading|design|football
25,student26,Om Prasad,music|reading|design|football|photography
26,student27,Kiara Fernandes,reading|design|football|photography|chess
27,student28,Yash Bhat,design|football|photography|chess|hiking
28,student29,Sana Qureshi,football|photography|chess|hiking|coding
29,student30,Aman Gill,photography|chess|hiking|coding|music
